Gender,Married,Dependents,Education,Self_Employed,ApplicantIncome,CoapplicantIncome,LoanAmount,Loan_Amount_Term,Credit_History,Property_Area,Loan_Status
Male,No,2,Not Graduate,No,2970,6104,273,180,0.0,Semiurban,N
Female,Yes,3+,Not Graduate,Yes,6806,6409,537,240,0.0,Rural,N
Male,Yes,1,Not Graduate,Yes,7142,4916,278,120,0.0,Urban,Y
Male,Yes,3+,Not Graduate,Yes,13014,7246,439,120,0.0,Semiurban,N
Male,Yes,3+,Graduate,No,3819,7482,638,180,1.0,Semiurban,Y
Female,Yes,2,Graduate,No,10094,4757,237,360,0.0,Rural,Y
Male,No,3+,Not Graduate,No,1364,2994,319,120,0.0,Rural,N
Male,Yes,2,Graduate,No,5258,559,656,120,0.0,Rural,N
Male,No,0,Not Graduate,No,4119,2964,359,360,0.0,Rural,N
Female,No,0,Graduate,No,11750,7034,181,180,1.0,Rural,Y
Male,Yes,2,Not Graduate,No,2863,1271,600,120,1.0,Rural,Y
Male,Yes,0,Not Graduate,Yes,1115,1813,121,360,0.0,Urban,N
Male,No,1,Graduate,No,8084,2915,236,120,0.0,Semiurban,Y
Male,Yes,3+,Graduate,Yes,9016,609,535,240,0.0,Urban,Y
Female,Yes,1,Not Graduate,Yes,3384,2461,240,480,1.0,Urban,Y
Male,No,3+,Not Graduate,No,14168,4120,471,240,1.0,Rural,Y
Female,No,0,Graduate,No,4935,6124,169,120,1.0,Semiurban,Y
Female,Yes,1,Graduate,Yes,14127,283,269,180,1.0,Urban,Y
Female,No,0,Not Graduate,Yes,8742,5568,102,480,1.0,Rural,Y
Male,Yes,3+,Graduate,No,6442,2928,500,240,0.0,Rural,Y
Female,Yes,2,Not Graduate,No,3490,4396,461,360,1.0,Semiurban,Y
Male,Yes,2,Not Graduate,Yes,7980,1091,692,180,1.0,Urban,Y
Female,No,1,Not Graduate,No,14324,5126,286,240,0.0,Urban,N
Female,No,0,Not Graduate,No,10134,816,455,360,1.0,Urban,Y
Female,No,0,Graduate,No,8661,7304,657,120,1.0,Rural,Y
Female,No,1,Graduate,Yes,2724,7331,471,360,1.0,Semiurban,Y
Female,No,2,Graduate,Yes,11526,82,296,240,0.0,Semiurban,Y
Female,Yes,3+,Graduate,Yes,9182,1920,121,240,1.0,Urban,Y
Female,Yes,1,Graduate,No,3767,7817,234,120,0.0,Rural,Y
Female,Yes,3+,Graduate,No,2137,3491,55,360,0.0,Urban,Y
Male,Yes,2,Graduate,Yes,11719,3144,255,360,1.0,Semiurban,Y
Male,No,0,Not Graduate,Yes,5117,7404,593,120,1.0,Rural,Y
Female,Yes,2,Graduate,Yes,4420,2093,660,360,1.0,Urban,Y
Female,No,1,Graduate,No,6845,4713,436,120,1.0,Urban,Y
Female,Yes,0,Not Graduate,Yes,5778,7071,125,180,0.0,Rural,N
Male,No,1,Graduate,Yes,4906,7967,226,240,1.0,Semiurban,Y
Female,No,1,Graduate,No,4637,6405,398,180,0.0,Rural,Y
Male,Yes,2,Not Graduate,No,3953,175,304,480,0.0,Urban,N
Male,Yes,1,Graduate,No,6929,5285,357,480,0.0,Urban,Y
Male,Yes,2,Graduate,Yes,11559,2704,394,480,0.0,Urban,Y
Male,Yes,0,Graduate,No,13413,4937,176,120,0.0,Urban,Y
Male,No,2,Not Graduate,No,1276,369,336,360,1.0,Semiurban,N
Female,Yes,0,Graduate,Yes,2999,1818,645,180,0.0,Semiurban,N
Female,Yes,2,Graduate,No,2227,2101,536,180,0.0,Urban,N
Female,No,3+,Not Graduate,Yes,7337,4785,432,180,1.0,Semiurban,Y
Female,Yes,3+,Graduate,Yes,12944,3490,455,180,1.0,Semiurban,Y
Female,Yes,1,Not Graduate,No,4735,1779,437,480,0.0,Semiurban,N
Male,Yes,2,Not Graduate,No,1695,7674,574,180,0.0,Urban,Y
Female,Yes,2,Graduate,No,10501,1364,606,360,1.0,Rural,Y
Female,Yes,0,Not Graduate,No,5152,7294,688,480,0.0,Rural,N
Male,No,1,Not Graduate,No,8901,5528,675,180,1.0,Rural,Y
Female,Yes,2,Graduate,No,8470,4462,325,120,1.0,Urban,Y
Male,Yes,1,Not Graduate,Yes,12426,3342,549,240,0.0,Semiurban,Y
Female,Yes,3+,Not Graduate,Yes,13306,4739,386,240,1.0,Semiurban,Y
Male,Yes,2,Graduate,No,8537,3676,530,240,0.0,Urban,Y
Female,Yes,2,Graduate,Yes,11503,2426,322,480,0.0,Urban,Y
Female,No,1,Graduate,No,3841,72,107,180,0.0,Rural,N
Male,Yes,2,Not Graduate,Yes,5208,2962,377,480,1.0,Rural,Y
Male,No,1,Graduate,Yes,12751,5367,158,360,0.0,Urban,N
Male,No,2,Not Graduate,Yes,12590,859,328,120,1.0,Rural,Y
Male,Yes,0,Not Graduate,No,9733,3856,377,120,0.0,Semiurban,Y
Male,Yes,1,Not Graduate,Yes,11886,4138,364,240,0.0,Urban,N
Male,Yes,2,Not Graduate,No,13866,2424,523,240,1.0,Urban,Y
Male,Yes,3+,Not Graduate,Yes,2088,1064,160,240,0.0,Semiurban,N
Male,No,2,Not Graduate,Yes,4363,2217,278,180,0.0,Semiurban,N
Female,Yes,3+,Not Graduate,Yes,1024,4017,546,360,1.0,Semiurban,Y
Female,Yes,3+,Graduate,Yes,10764,2259,205,360,1.0,Rural,Y
Male,Yes,0,Graduate,Yes,7144,5612,522,360,1.0,Urban,Y
Female,Yes,1,Not Graduate,No,12150,3751,321,360,0.0,Rural,N
Female,Yes,2,Not Graduate,No,6668,2086,51,240,1.0,Semiurban,Y
Female,Yes,0,Graduate,Yes,5236,368,560,120,1.0,Rural,Y
Female,No,2,Not Graduate,Yes,10959,2804,335,240,0.0,Semiurban,N
Male,No,3+,Graduate,Yes,13935,150,62,360,1.0,Rural,Y
Female,Yes,1,Graduate,Yes,9068,1134,657,240,0.0,Rural,Y
Male,Yes,2,Graduate,No,3235,5599,547,360,0.0,Semiurban,Y
Female,Yes,2,Not Graduate,Yes,8295,5555,287,480,1.0,Rural,Y
Female,No,3+,Not Graduate,No,9392,5166,143,120,0.0,Urban,N
Female,Yes,2,Graduate,Yes,12390,5119,387,480,1.0,Rural,Y
Male,No,2,Graduate,No,9448,5694,220,180,1.0,Rural,Y
Female,Yes,3+,Graduate,Yes,4747,2784,655,240,1.0,Urban,Y
Male,Yes,0,Graduate,Yes,13834,6136,673,180,1.0,Semiurban,Y
Female,Yes,3+,Graduate,No,11433,5485,616,240,0.0,Urban,Y
Male,Yes,0,Not Graduate,Yes,4175,4164,516,480,0.0,Rural,Y
Female,No,1,Graduate,Yes,12798,2346,677,360,1.0,Semiurban,Y
Male,No,0,Not Graduate,Yes,12528,5039,192,360,1.0,Rural,Y
Male,Yes,0,Graduate,No,5897,4897,250,240,0.0,Rural,Y
Female,Yes,1,Not Graduate,Yes,6037,6439,229,360,1.0,Urban,Y
Male,No,0,Not Graduate,Yes,8427,2250,413,480,0.0,Urban,N
Female,No,3+,Not Graduate,No,9605,60,528,360,1.0,Semiurban,Y
Female,No,0,Not Graduate,No,3014,5041,614,480,0.0,Semiurban,N
Female,No,1,Not Graduate,No,2381,3010,520,180,0.0,Semiurban,N
Female,Yes,3+,Not Graduate,Yes,2098,3901,433,480,0.0,Rural,N
Female,No,1,Graduate,Yes,4426,1337,466,120,1.0,Urban,Y
Female,Yes,1,Not Graduate,Yes,4655,1184,357,120,1.0,Urban,Y
Female,No,2,Graduate,No,8938,4426,698,120,1.0,Urban,Y
Female,No,2,Not Graduate,Yes,10101,1551,416,240,1.0,Semiurban,Y
Female,No,1,Not Graduate,Yes,1187,4433,50,240,1.0,Urban,Y
Female,No,1,Graduate,No,13236,1629,93,240,0.0,Urban,Y
Female,No,1,Not Graduate,No,12948,1327,147,480,0.0,Urban,N
Male,Yes,2,Graduate,No,11207,1526,314,240,0.0,Semiurban,Y
Male,Yes,2,Graduate,No,6409,1673,189,180,0.0,Urban,Y
Female,No,0,Graduate,No,3092,1361,530,120,0.0,Semiurban,N
Female,No,0,Graduate,Yes,12836,1573,286,480,0.0,Urban,N
Female,Yes,1,Not Graduate,No,3130,2686,121,120,0.0,Urban,N
Female,No,3+,Not Graduate,Yes,6242,4370,239,240,1.0,Urban,Y
Female,No,3+,Graduate,Yes,9549,5283,317,480,0.0,Semiurban,N
Female,Yes,2,Not Graduate,No,6647,7610,370,360,1.0,Semiurban,Y
Female,No,2,Not Graduate,No,6185,2366,156,180,0.0,Urban,N
Female,No,2,Graduate,No,6776,6732,281,240,0.0,Rural,Y
Male,Yes,1,Not Graduate,Yes,11614,6647,91,240,1.0,Semiurban,Y
Female,Yes,3+,Graduate,No,13449,3757,188,180,0.0,Semiurban,Y
Male,Yes,0,Graduate,No,8913,2434,664,180,1.0,Urban,Y
Female,No,1,Not Graduate,No,8547,1993,322,360,0.0,Rural,N
Female,Yes,0,Not Graduate,No,8823,869,530,240,1.0,Urban,Y
Male,Yes,0,Not Graduate,No,8355,6976,465,240,0.0,Semiurban,N
Female,Yes,1,Graduate,Yes,7465,1014,555,120,1.0,Semiurban,Y
Male,Yes,0,Graduate,Yes,13737,1911,473,480,1.0,Urban,Y
Female,Yes,3+,Not Graduate,Yes,2497,602,456,480,0.0,Urban,N
Female,Yes,0,Not Graduate,No,14324,3821,617,120,0.0,Rural,Y
Male,No,3+,Not Graduate,No,11350,5895,439,480,1.0,Rural,Y
Female,No,3+,Not Graduate,No,3555,690,391,180,0.0,Semiurban,N
Male,Yes,3+,Graduate,Yes,6409,493,663,480,1.0,Rural,Y
Female,Yes,2,Not Graduate,No,11534,489,542,480,0.0,Rural,N
Male,Yes,0,Graduate,No,3951,6864,241,120,1.0,Semiurban,Y
Male,No,1,Graduate,No,2238,7240,548,360,0.0,Semiurban,Y
Female,No,1,Not Graduate,Yes,10165,2556,282,480,1.0,Semiurban,Y
Female,No,0,Not Graduate,No,5727,4485,276,480,0.0,Semiurban,N
Male,No,2,Not Graduate,Yes,4965,7786,420,360,1.0,Urban,Y
Female,No,2,Graduate,No,6686,294,188,120,1.0,Semiurban,Y
Female,No,3+,Not Graduate,Yes,10242,5488,198,360,0.0,Semiurban,N
Female,No,0,Not Graduate,Yes,4701,4027,164,120,0.0,Semiurban,N
Male,No,0,Graduate,Yes,3780,2843,499,180,1.0,Rural,Y
Male,No,1,Not Graduate,No,8398,2912,112,120,1.0,Semiurban,Y
Male,Yes,0,Graduate,No,2588,1717,153,180,1.0,Urban,Y
Male,Yes,2,Not Graduate,Yes,13070,2596,322,180,1.0,Urban,Y
Male,Yes,0,Graduate,Yes,3368,4744,55,120,0.0,Semiurban,Y
Male,Yes,1,Not Graduate,No,6789,1873,196,240,1.0,Urban,Y
Male,No,3+,Not Graduate,No,1436,4663,233,120,1.0,Rural,Y
Male,No,1,Graduate,Yes,3828,3258,77,480,1.0,Semiurban,Y
Male,Yes,1,Graduate,No,2556,6996,599,480,0.0,Urban,Y
Female,No,3+,Not Graduate,No,8570,2817,168,240,1.0,Urban,Y
Male,Yes,1,Graduate,No,14364,444,342,180,0.0,Semiurban,Y
Female,No,1,Graduate,No,13050,3641,420,240,0.0,Urban,Y
Female,Yes,0,Graduate,Yes,8480,4458,293,480,0.0,Semiurban,Y
Female,No,0,Graduate,No,10496,6266,629,240,0.0,Urban,Y
Male,No,3+,Not Graduate,No,11576,5307,267,120,0.0,Rural,N
Male,Yes,0,Not Graduate,Yes,1182,741,226,240,0.0,Urban,N
Male,No,0,Graduate,Yes,8190,2041,348,180,0.0,Urban,Y
Male,Yes,1,Graduate,No,7687,679,107,120,1.0,Semiurban,Y
Female,Yes,2,Graduate,No,6565,2467,318,360,1.0,Urban,Y
Male,Yes,0,Graduate,No,8241,3697,357,480,0.0,Semiurban,Y
Male,Yes,2,Not Graduate,No,8651,7419,619,480,1.0,Rural,Y
Male,No,0,Not Graduate,Yes,6575,5738,337,240,1.0,Semiurban,Y
Male,No,0,Graduate,Yes,2589,5668,154,120,0.0,Semiurban,Y
Male,No,3+,Graduate,Yes,10779,1358,277,360,1.0,Urban,Y
Female,Yes,3+,Graduate,No,9851,6235,296,120,0.0,Rural,Y
Male,No,3+,Not Graduate,No,1159,7697,543,480,1.0,Semiurban,Y
Female,Yes,2,Graduate,No,13145,62,132,120,0.0,Urban,Y
Male,No,1,Not Graduate,No,7555,7829,235,360,0.0,Urban,N
Female,No,0,Graduate,Yes,10203,2559,301,240,1.0,Semiurban,Y
Male,No,0,Not Graduate,Yes,9244,5258,404,180,1.0,Urban,Y
Male,Yes,0,Graduate,No,14333,3769,259,120,0.0,Semiurban,Y
Female,No,2,Not Graduate,Yes,14341,7352,658,180,0.0,Semiurban,N
Female,No,3+,Graduate,No,7846,5324,496,480,0.0,Semiurban,N
Female,Yes,1,Graduate,No,3307,6915,509,240,1.0,Rural,Y
Male,No,2,Graduate,Yes,2228,7381,521,240,1.0,Semiurban,Y
Female,Yes,3+,Not Graduate,No,8226,4351,419,120,1.0,Urban,Y
Male,No,2,Graduate,No,6590,134,541,240,1.0,Rural,Y
Male,Yes,1,Not Graduate,Yes,7919,3644,186,120,0.0,Urban,N
Female,Yes,3+,Not Graduate,No,6585,4970,416,120,0.0,Rural,Y
Female,No,2,Graduate,No,10227,4917,233,180,0.0,Rural,N
Male,Yes,1,Graduate,Yes,12894,2135,637,240,0.0,Rural,Y
Male,Yes,0,Graduate,No,7046,7131,336,120,1.0,Rural,Y
Female,Yes,1,Not Graduate,Yes,13237,3278,521,180,0.0,Urban,N
Female,Yes,0,Graduate,No,5945,7296,424,360,0.0,Semiurban,Y
Female,Yes,2,Not Graduate,Yes,8927,822,586,180,1.0,Urban,Y
Male,Yes,3+,Not Graduate,Yes,13641,3074,560,180,1.0,Semiurban,Y
Male,No,3+,Graduate,Yes,14386,5069,628,120,0.0,Urban,N
Male,Yes,2,Graduate,No,8016,2981,299,480,1.0,Rural,Y
Male,Yes,3+,Graduate,Yes,8758,5873,559,480,0.0,Rural,N
Male,No,3+,Graduate,Yes,14752,120,679,480,1.0,Semiurban,Y
Male,No,0,Graduate,Yes,6086,7552,122,180,1.0,Semiurban,Y
Female,No,2,Graduate,Yes,10456,1637,331,120,0.0,Urban,Y
Male,No,1,Not Graduate,Yes,8161,7205,409,240,1.0,Semiurban,Y
Male,No,0,Not Graduate,No,2884,5460,59,180,0.0,Urban,N
Male,No,2,Not Graduate,No,2809,5103,260,180,1.0,Semiurban,Y
Female,No,0,Graduate,No,4167,924,201,120,1.0,Semiurban,Y
Male,Yes,1,Not Graduate,No,12989,644,54,360,1.0,Semiurban,Y
Male,Yes,1,Not Graduate,No,11533,2032,244,180,1.0,Rural,Y
Female,No,2,Not Graduate,No,7352,2761,332,360,1.0,Rural,Y
Male,Yes,1,Not Graduate,No,12606,7003,513,360,0.0,Urban,N
Male,Yes,0,Not Graduate,Yes,14399,2068,162,480,1.0,Semiurban,Y
Male,Yes,1,Graduate,No,10009,241,320,120,0.0,Urban,Y
Male,No,0,Graduate,Yes,7056,6598,212,360,1.0,Semiurban,Y
Male,No,0,Not Graduate,Yes,3437,7106,509,120,0.0,Rural,N
Female,Yes,1,Not Graduate,No,7468,2668,154,480,1.0,Rural,Y
Female,No,2,Not Graduate,Yes,10080,6446,605,120,0.0,Semiurban,N
Female,Yes,3+,Graduate,Yes,6951,5715,331,180,0.0,Semiurban,Y
Male,Yes,1,Graduate,Yes,6276,7762,211,360,1.0,Rural,Y
Male,Yes,0,Not Graduate,Yes,9859,802,400,120,1.0,Rural,Y
Male,Yes,0,Graduate,No,8818,5059,483,240,1.0,Urban,Y
Female,No,1,Graduate,No,5728,4164,189,120,0.0,Rural,Y
Male,No,2,Not Graduate,No,3624,5248,520,360,0.0,Semiurban,N
Male,No,2,Graduate,No,6738,195,181,480,1.0,Urban,Y
Female,Yes,0,Graduate,No,5232,2187,136,480,1.0,Semiurban,Y
Male,No,0,Not Graduate,No,6793,3515,232,360,0.0,Urban,N
Female,Yes,2,Graduate,No,5523,2330,417,180,0.0,Semiurban,N
Female,No,3+,Graduate,No,6571,2359,178,180,1.0,Rural,Y
Female,Yes,1,Not Graduate,No,10010,4841,295,480,0.0,Semiurban,Y
Male,Yes,0,Graduate,No,11380,3606,650,480,1.0,Urban,Y
Male,Yes,0,Graduate,Yes,10298,5784,627,360,1.0,Semiurban,Y
Male,No,2,Not Graduate,No,3224,276,427,180,1.0,Urban,Y
Male,No,1,Not Graduate,Yes,9389,60,198,480,0.0,Semiurban,N
Male,No,2,Not Graduate,Yes,11863,3390,482,180,0.0,Rural,N
Male,No,1,Graduate,Yes,7091,1913,677,480,0.0,Rural,N
Male,Yes,1,Not Graduate,Yes,12684,6195,518,120,0.0,Semiurban,N
Female,No,1,Graduate,No,11640,3927,495,240,1.0,Semiurban,Y
Male,No,0,Not Graduate,Yes,9662,6296,530,120,0.0,Semiurban,N
Female,Yes,3+,Graduate,No,7361,5868,343,480,1.0,Urban,Y
Male,Yes,2,Not Graduate,No,2948,5430,192,240,1.0,Semiurban,Y
Male,Yes,3+,Not Graduate,Yes,14216,5933,299,240,1.0,Semiurban,Y
Male,No,2,Not Graduate,No,13091,2591,351,480,0.0,Urban,Y
Female,Yes,1,Not Graduate,Yes,11202,566,74,480,1.0,Rural,Y
Female,Yes,0,Graduate,Yes,12992,3935,119,180,1.0,Semiurban,Y
Female,Yes,3+,Not Graduate,No,8094,7556,674,480,0.0,Semiurban,N
Female,No,0,Not Graduate,No,14193,1571,161,360,1.0,Rural,Y
Male,Yes,2,Graduate,Yes,7318,4717,413,480,0.0,Rural,N
Female,No,0,Not Graduate,No,13310,6121,352,360,0.0,Urban,Y
Male,No,0,Graduate,No,4796,1200,520,480,0.0,Semiurban,N
Male,Yes,3+,Not Graduate,No,13180,7529,140,180,1.0,Semiurban,Y
Female,Yes,1,Not Graduate,Yes,1234,4409,579,360,0.0,Urban,N
Female,No,0,Not Graduate,Yes,14412,2854,241,120,0.0,Rural,N
Female,Yes,1,Graduate,No,10120,2895,601,360,0.0,Urban,Y
Female,Yes,2,Not Graduate,No,4607,6240,291,180,0.0,Rural,N
Female,No,0,Not Graduate,No,9043,7024,187,360,1.0,Urban,Y
Female,No,3+,Not Graduate,No,1522,1236,394,480,0.0,Rural,N
Female,Yes,2,Graduate,No,6904,6972,229,480,1.0,Urban,Y
Female,No,2,Graduate,Yes,12715,136,552,180,0.0,Rural,N
Male,Yes,3+,Not Graduate,No,13718,1029,252,240,1.0,Rural,Y
Female,Yes,0,Graduate,Yes,5888,7154,622,480,0.0,Rural,Y
Female,Yes,0,Not Graduate,No,10821,2156,241,120,1.0,Rural,Y
Male,No,2,Not Graduate,Yes,6832,2594,54,180,0.0,Rural,N
Female,Yes,0,Not Graduate,No,13820,7206,286,360,1.0,Semiurban,Y
Male,Yes,1,Not Graduate,Yes,8122,661,360,360,1.0,Rural,Y
Male,Yes,3+,Not Graduate,No,6842,2472,598,120,1.0,Semiurban,Y
Female,No,1,Not Graduate,Yes,14963,2677,105,480,0.0,Rural,N
Male,No,0,Not Graduate,Yes,2316,2308,492,180,1.0,Semiurban,N
Male,No,2,Graduate,Yes,12049,7593,286,120,1.0,Semiurban,Y
Male,No,3+,Graduate,Yes,14200,86,246,480,1.0,Urban,Y
Male,No,0,Graduate,Yes,2124,2512,634,180,1.0,Rural,Y
Female,Yes,0,Graduate,Yes,6621,6219,620,360,0.0,Urban,Y
Male,No,2,Graduate,No,6423,6614,563,180,1.0,Urban,Y
Female,No,2,Graduate,Yes,3587,6557,498,240,1.0,Rural,Y
Male,No,1,Graduate,No,10215,6968,409,180,1.0,Urban,Y
Male,Yes,3+,Not Graduate,No,6672,2942,79,240,0.0,Rural,N
Male,No,3+,Not Graduate,No,2378,2773,157,180,1.0,Urban,Y
Male,No,2,Not Graduate,No,4374,2504,651,240,1.0,Rural,Y
Female,Yes,1,Not Graduate,No,2519,5404,494,360,1.0,Rural,Y
Female,No,3+,Graduate,Yes,6777,3310,487,480,1.0,Rural,Y
Male,Yes,2,Graduate,Yes,8935,1700,655,240,0.0,Semiurban,Y
Male,Yes,0,Not Graduate,Yes,7093,3670,506,240,1.0,Urban,Y
Female,Yes,3+,Not Graduate,No,9418,2700,664,360,1.0,Semiurban,Y
Male,Yes,1,Graduate,Yes,6355,6815,544,240,0.0,Urban,Y
Male,Yes,1,Not Graduate,Yes,5968,3629,296,120,0.0,Urban,N
Male,No,1,Not Graduate,Yes,10083,7539,592,360,0.0,Urban,N
Female,Yes,0,Not Graduate,Yes,6574,4590,613,120,1.0,Semiurban,Y
Female,Yes,3+,Not Graduate,Yes,5072,1647,637,360,0.0,Urban,N
Female,No,3+,Graduate,No,14324,6038,488,240,1.0,Semiurban,Y
Male,Yes,0,Not Graduate,Yes,3257,5164,327,120,0.0,Rural,N
Male,No,3+,Not Graduate,No,11980,5520,601,240,1.0,Urban,Y
Female,No,0,Graduate,No,9588,3318,662,360,0.0,Urban,Y
Female,No,0,Graduate,No,14411,3687,160,240,1.0,Rural,Y
Female,Yes,0,Not Graduate,No,11270,596,434,120,0.0,Rural,Y
Female,Yes,1,Graduate,No,13936,4545,240,120,1.0,Urban,Y
Male,Yes,3+,Not Graduate,Yes,5424,484,539,240,1.0,Rural,Y
Female,No,0,Not Graduate,Yes,4237,645,475,180,1.0,Semiurban,Y
Male,Yes,3+,Graduate,Yes,14770,6763,454,360,1.0,Semiurban,Y
Female,Yes,1,Not Graduate,No,4893,3089,384,360,1.0,Urban,Y
Male,Yes,0,Not Graduate,Yes,14239,5725,258,240,1.0,Semiurban,Y
Female,No,2,Not Graduate,Yes,3005,4757,71,180,1.0,Semiurban,Y
Female,No,1,Not Graduate,No,3016,4853,660,120,1.0,Urban,Y
Female,Yes,2,Graduate,No,12363,4384,257,480,0.0,Rural,Y
Female,Yes,3+,Graduate,No,11860,7581,57,480,1.0,Urban,Y
Male,Yes,3+,Not Graduate,No,11070,720,578,240,1.0,Semiurban,Y
Female,Yes,1,Graduate,Yes,10388,4733,651,180,0.0,Urban,Y
Male,No,3+,Not Graduate,No,2772,6378,215,180,1.0,Urban,Y
Male,No,2,Not Graduate,No,9353,6559,545,360,0.0,Semiurban,N
Male,No,0,Not Graduate,Yes,4976,7081,639,120,1.0,Semiurban,Y
Male,No,0,Not Graduate,Yes,2751,498,478,180,0.0,Urban,N
Female,Yes,0,Not Graduate,No,9967,7117,212,480,0.0,Semiurban,Y
Male,Yes,1,Graduate,Yes,8430,4729,415,120,1.0,Semiurban,Y
Male,Yes,3+,Not Graduate,No,8170,1673,575,120,0.0,Semiurban,N
Male,No,2,Graduate,No,14339,6126,288,240,1.0,Semiurban,Y
Female,Yes,3+,Graduate,Yes,7469,3067,121,180,1.0,Semiurban,Y
Female,No,3+,Not Graduate,Yes,10131,114,494,240,1.0,Semiurban,Y
Female,No,3+,Not Graduate,No,4220,2979,558,180,1.0,Rural,Y
Female,Yes,0,Not Graduate,No,1539,4769,318,360,0.0,Urban,Y
Male,Yes,2,Not Graduate,No,14109,1736,464,240,1.0,Semiurban,Y
Male,Yes,2,Not Graduate,Yes,2461,5353,294,240,0.0,Urban,N
Female,No,3+,Graduate,No,6184,3611,109,480,0.0,Rural,Y
Male,Yes,0,Not Graduate,No,9547,7178,55,240,1.0,Semiurban,Y
Male,No,0,Not Graduate,No,12796,2253,619,180,1.0,Urban,Y
Male,Yes,2,Graduate,No,12515,7846,456,480,1.0,Semiurban,Y
Female,No,0,Graduate,No,1234,2294,266,240,1.0,Semiurban,Y
Female,No,0,Not Graduate,Yes,2548,3630,75,240,0.0,Semiurban,N
Male,Yes,0,Graduate,No,8480,6901,54,360,1.0,Semiurban,Y
Female,No,1,Not Graduate,No,11288,7294,581,240,0.0,Semiurban,N
Female,No,3+,Graduate,No,5213,146,439,120,1.0,Semiurban,Y
Female,Yes,2,Graduate,No,11293,6261,620,480,1.0,Semiurban,Y
Female,No,2,Not Graduate,Yes,2673,3982,497,120,1.0,Rural,Y
Female,Yes,1,Graduate,Yes,7708,3453,195,480,1.0,Rural,Y
Male,No,3+,Graduate,Yes,14355,4507,437,360,0.0,Semiurban,N
Female,Yes,2,Graduate,No,8982,5783,298,240,0.0,Semiurban,Y
Male,Yes,0,Graduate,No,3100,7751,575,240,1.0,Rural,Y
Male,No,2,Graduate,Yes,12849,2410,511,240,0.0,Rural,N
Female,No,0,Graduate,Yes,13845,5628,62,480,0.0,Rural,N
Male,No,1,Not Graduate,Yes,12788,136,433,240,1.0,Semiurban,Y
Male,No,0,Not Graduate,No,4748,7342,605,120,1.0,Urban,Y
Male,No,2,Graduate,No,4173,3360,448,240,0.0,Urban,N
Female,Yes,2,Not Graduate,Yes,2815,3005,68,360,0.0,Urban,N
Female,No,2,Not Graduate,Yes,4841,3552,624,120,0.0,Urban,N
Male,Yes,1,Not Graduate,Yes,11197,18,540,240,0.0,Semiurban,N
Female,Yes,1,Graduate,No,9016,2242,468,240,1.0,Urban,Y
Female,No,3+,Not Graduate,No,8011,6473,386,180,1.0,Rural,Y
Female,Yes,2,Graduate,No,5493,6055,468,480,0.0,Rural,Y
Female,Yes,0,Not Graduate,Yes,1674,6318,661,120,1.0,Urban,Y
Male,Yes,1,Graduate,Yes,9088,5097,171,180,0.0,Rural,Y
Male,Yes,2,Graduate,No,9578,448,481,360,0.0,Semiurban,Y
Female,No,2,Not Graduate,Yes,3158,1948,93,480,1.0,Urban,Y
Female,Yes,1,Not Graduate,No,3661,945,366,120,0.0,Urban,N
Male,No,3+,Graduate,Yes,3064,5473,430,240,0.0,Semiurban,Y
Male,No,1,Not Graduate,Yes,13043,5618,194,120,1.0,Rural,Y
Female,Yes,1,Not Graduate,Yes,4253,4236,376,240,1.0,Semiurban,Y
Male,No,0,Not Graduate,Yes,5979,6901,412,480,0.0,Semiurban,N
Female,No,0,Graduate,No,8703,1920,99,240,0.0,Rural,Y
Female,No,3+,Graduate,Yes,13828,2977,114,360,1.0,Semiurban,Y
Male,Yes,2,Not Graduate,No,13458,4188,404,240,0.0,Rural,N
Male,No,1,Not Graduate,No,9931,4015,213,360,0.0,Rural,N
Female,No,3+,Not Graduate,No,2401,238,190,480,1.0,Semiurban,N
Female,No,0,Graduate,Yes,4259,204,177,480,1.0,Rural,Y
Male,Yes,1,Graduate,No,11469,2607,447,120,1.0,Semiurban,Y
Female,No,2,Not Graduate,No,13096,5552,512,360,1.0,Rural,Y
Male,Yes,0,Not Graduate,No,4923,4340,236,360,1.0,Urban,Y
Female,Yes,0,Not Graduate,Yes,5214,4927,239,180,1.0,Rural,Y
Male,Yes,0,Not Graduate,Yes,4227,3388,437,180,0.0,Rural,N
Male,Yes,3+,Not Graduate,No,12023,2972,478,180,0.0,Semiurban,Y
Male,Yes,2,Not Graduate,Yes,12950,4390,333,240,1.0,Rural,Y
Female,Yes,1,Graduate,No,11704,2687,286,180,1.0,Urban,Y
Female,No,3+,Not Graduate,No,11343,4951,243,360,0.0,Urban,N
Male,Yes,3+,Graduate,Yes,12867,7449,336,240,0.0,Rural,Y
Female,No,3+,Not Graduate,No,3745,6160,185,480,0.0,Rural,N
Male,No,0,Not Graduate,Yes,7091,4166,220,120,1.0,Urban,Y
Male,Yes,2,Graduate,Yes,4866,5388,208,180,1.0,Semiurban,Y
Female,No,3+,Graduate,No,12956,1348,250,480,0.0,Urban,N
Female,No,1,Graduate,Yes,14993,7961,536,360,1.0,Urban,Y
Male,No,2,Graduate,Yes,6818,4400,606,120,1.0,Rural,Y
Female,No,1,Not Graduate,No,3222,7618,632,480,1.0,Rural,Y
Female,Yes,2,Graduate,No,3792,5126,553,120,0.0,Urban,Y
Male,No,1,Not Graduate,Yes,10889,5433,420,180,0.0,Semiurban,N
Male,Yes,0,Graduate,Yes,14732,816,152,360,1.0,Urban,Y
Female,No,3+,Not Graduate,No,12654,5222,174,120,1.0,Urban,Y
Male,No,1,Not Graduate,Yes,5063,820,362,480,1.0,Semiurban,Y
Male,Yes,2,Not Graduate,Yes,2524,192,507,180,1.0,Urban,N
Female,No,3+,Not Graduate,Yes,13952,1776,279,180,1.0,Urban,Y
Male,No,3+,Not Graduate,Yes,9224,3645,246,480,0.0,Rural,N
Male,No,2,Not Graduate,Yes,7198,4624,472,480,1.0,Semiurban,Y
Female,Yes,1,Graduate,Yes,5025,6314,621,120,1.0,Rural,Y
Female,No,0,Not Graduate,Yes,3566,7704,659,240,1.0,Rural,Y
Male,Yes,0,Graduate,No,3803,250,220,180,0.0,Semiurban,Y
Male,No,1,Graduate,No,13088,1788,431,120,0.0,Semiurban,Y
Female,Yes,3+,Not Graduate,No,4709,7554,222,480,1.0,Urban,Y
Female,Yes,3+,Graduate,No,7155,7374,502,120,0.0,Rural,Y
Female,No,3+,Not Graduate,No,14839,6684,399,480,0.0,Semiurban,N
Female,No,3+,Graduate,Yes,1719,3700,683,360,0.0,Rural,N
Male,Yes,1,Not Graduate,Yes,7516,6122,543,480,0.0,Rural,Y
Female,Yes,3+,Graduate,Yes,5579,2463,669,480,0.0,Semiurban,N
Female,No,2,Not Graduate,Yes,1972,6937,53,480,0.0,Urban,N
Male,Yes,3+,Not Graduate,No,4718,5499,142,240,1.0,Rural,Y
Female,No,0,Not Graduate,Yes,8395,1167,55,480,0.0,Semiurban,N
Male,No,3+,Not Graduate,Yes,5402,6168,337,180,0.0,Urban,N
Female,No,1,Graduate,No,5552,3893,667,180,1.0,Rural,Y
Female,No,0,Not Graduate,Yes,3207,6811,195,120,1.0,Semiurban,Y
Female,Yes,1,Graduate,Yes,5426,1096,473,240,1.0,Rural,Y
Male,No,1,Graduate,No,7919,2679,657,120,1.0,Semiurban,Y
Male,Yes,0,Graduate,Yes,13512,1847,506,180,0.0,Semiurban,Y
Female,No,1,Not Graduate,Yes,12222,3904,251,180,0.0,Rural,N
Male,Yes,1,Graduate,Yes,12767,7260,261,360,0.0,Rural,N
Male,No,3+,Graduate,Yes,14767,504,55,480,0.0,Semiurban,Y
Male,Yes,2,Graduate,Yes,12308,1621,673,180,1.0,Urban,Y
Male,Yes,1,Not Graduate,No,12477,6479,425,120,0.0,Rural,N
Male,No,1,Not Graduate,No,14370,2472,496,120,0.0,Semiurban,N
Male,No,1,Graduate,No,9835,2546,155,480,1.0,Semiurban,Y
Female,No,3+,Not Graduate,No,13903,1387,450,480,0.0,Urban,N
Female,No,2,Not Graduate,No,9386,2994,145,360,0.0,Urban,N
Male,Yes,0,Graduate,No,13188,6773,437,240,0.0,Urban,Y
Female,No,3+,Graduate,Yes,9680,3816,501,120,0.0,Rural,N
Female,Yes,3+,Not Graduate,No,3204,5318,465,480,1.0,Semiurban,Y
Female,Yes,2,Graduate,No,11849,717,553,120,1.0,Semiurban,Y
Female,No,2,Not Graduate,Yes,6345,3484,503,480,1.0,Semiurban,Y
Male,Yes,3+,Not Graduate,Yes,4276,4434,340,180,1.0,Urban,Y
Female,Yes,0,Not Graduate,No,2102,658,583,120,1.0,Semiurban,Y
Female,Yes,3+,Not Graduate,Yes,6243,5057,242,180,0.0,Rural,N
Male,Yes,2,Not Graduate,No,7614,4008,199,120,0.0,Urban,Y
Male,No,0,Not Graduate,Yes,10433,4524,564,240,1.0,Urban,Y
Female,No,2,Graduate,No,9707,7950,442,360,1.0,Urban,Y
Female,No,0,Graduate,Yes,14913,4994,365,180,1.0,Urban,Y
Female,No,1,Not Graduate,Yes,6223,4234,125,480,0.0,Rural,N
Female,Yes,2,Not Graduate,No,9584,3764,648,240,1.0,Semiurban,Y
Female,Yes,2,Not Graduate,No,1630,2989,319,120,0.0,Rural,N
Female,No,3+,Graduate,No,12908,4637,274,180,0.0,Semiurban,N
Male,No,2,Not Graduate,No,11039,2104,579,120,0.0,Rural,N
Female,No,2,Graduate,No,11847,1255,162,120,0.0,Urban,Y
Female,Yes,1,Not Graduate,Yes,10171,6801,300,120,1.0,Urban,Y
Male,No,2,Not Graduate,No,13721,2482,282,360,0.0,Rural,N
Male,No,1,Graduate,No,12594,383,132,360,0.0,Rural,Y
Male,No,1,Graduate,Yes,13063,2607,174,480,1.0,Semiurban,Y
Male,Yes,1,Not Graduate,Yes,7683,193,224,180,0.0,Rural,N
Female,Yes,1,Not Graduate,No,1277,3807,118,240,0.0,Rural,N
Female,Yes,0,Not Graduate,Yes,1232,3719,96,240,0.0,Semiurban,N
Female,Yes,3+,Graduate,Yes,10744,2581,305,240,1.0,Semiurban,Y
Female,Yes,0,Graduate,No,6690,2565,79,120,0.0,Semiurban,Y
Female,Yes,2,Graduate,Yes,14401,2763,330,360,0.0,Rural,Y
Female,Yes,0,Graduate,Yes,8659,2798,286,180,1.0,Semiurban,Y
Male,Yes,0,Graduate,No,12462,6328,297,120,1.0,Urban,Y
Female,No,2,Graduate,No,11601,5991,417,360,0.0,Urban,Y
Male,No,2,Not Graduate,Yes,12704,2339,544,360,0.0,Urban,N
Male,Yes,2,Not Graduate,Yes,1025,3406,74,180,1.0,Rural,Y
Female,Yes,0,Graduate,No,14705,731,635,180,0.0,Urban,Y
Male,No,0,Not Graduate,Yes,8468,6259,539,180,1.0,Rural,Y
Female,Yes,2,Not Graduate,Yes,7410,2872,543,120,0.0,Rural,N
Male,Yes,3+,Graduate,Yes,9652,3120,363,480,1.0,Urban,Y
Female,Yes,3+,Not Graduate,No,4764,4780,655,180,0.0,Semiurban,N
Male,No,1,Graduate,Yes,7599,4177,424,480,1.0,Rural,Y
Female,No,2,Graduate,Yes,12623,6977,688,120,1.0,Urban,Y
Female,No,1,Not Graduate,No,14379,6476,74,480,1.0,Rural,Y
Female,No,3+,Graduate,Yes,6102,2604,383,240,1.0,Semiurban,Y
Female,No,1,Graduate,Yes,8006,2382,404,480,1.0,Semiurban,Y
Female,Yes,2,Graduate,No,4483,531,165,180,0.0,Urban,N
Male,No,2,Graduate,No,2994,6079,97,120,0.0,Rural,Y
Male,Yes,2,Graduate,No,9682,4316,148,180,1.0,Rural,Y
Male,Yes,0,Graduate,No,2072,634,508,240,0.0,Rural,N
Female,No,1,Graduate,Yes,7707,1769,572,180,0.0,Rural,N
Male,No,3+,Graduate,Yes,12365,3804,646,180,0.0,Urban,N
Female,Yes,3+,Not Graduate,No,1215,2370,454,180,0.0,Semiurban,N
Female,Yes,3+,Not Graduate,No,8605,5970,263,360,0.0,Urban,N
Male,Yes,0,Not Graduate,Yes,10915,2,552,240,0.0,Rural,N
Male,No,0,Graduate,No,10784,5813,497,180,1.0,Rural,Y
Female,No,2,Graduate,Yes,3606,205,625,180,0.0,Semiurban,N
Male,No,3+,Not Graduate,No,9350,5951,307,180,0.0,Rural,N
Female,No,0,Not Graduate,Yes,5781,4135,170,120,0.0,Urban,N
Female,No,2,Not Graduate,No,4313,6202,103,360,1.0,Urban,Y
Female,Yes,3+,Graduate,No,12033,7094,380,120,0.0,Semiurban,Y
Female,No,1,Not Graduate,Yes,10968,2621,290,360,0.0,Urban,N
Female,Yes,2,Not Graduate,No,11244,4739,579,180,0.0,Urban,N
Male,Yes,0,Graduate,Yes,8763,5626,532,240,1.0,Urban,Y
Male,Yes,0,Not Graduate,Yes,6939,7739,236,480,0.0,Urban,Y
Female,No,2,Graduate,Yes,3295,6003,311,480,1.0,Rural,Y
Female,No,2,Graduate,Yes,6685,2890,413,180,0.0,Urban,N
Male,No,0,Graduate,Yes,2696,3193,540,120,1.0,Semiurban,Y
Male,Yes,1,Not Graduate,No,12185,7646,480,240,1.0,Semiurban,Y
Female,Yes,3+,Not Graduate,No,11661,2666,288,360,1.0,Urban,Y
Male,Yes,1,Graduate,Yes,2946,6239,353,180,0.0,Semiurban,Y
Female,Yes,2,Not Graduate,No,13001,7581,347,240,1.0,Urban,Y
Male,Yes,1,Not Graduate,Yes,3783,3306,125,240,1.0,Semiurban,Y
Female,Yes,0,Not Graduate,No,4644,897,382,360,1.0,Semiurban,Y
Male,No,2,Not Graduate,No,6241,1085,691,240,1.0,Urban,Y
Female,No,3+,Graduate,No,7420,1279,523,120,0.0,Urban,N
Male,No,0,Not Graduate,No,14869,6704,332,120,0.0,Rural,N
Male,No,0,Graduate,Yes,11692,7048,640,120,0.0,Urban,Y
Female,Yes,3+,Graduate,Yes,8557,6491,121,240,0.0,Urban,Y
Male,Yes,3+,Not Graduate,No,12837,670,312,120,1.0,Rural,Y
Female,No,1,Graduate,No,3645,7291,624,360,0.0,Urban,Y
Male,Yes,2,Not Graduate,Yes,7589,1505,61,240,1.0,Urban,Y
Female,No,3+,Not Graduate,No,7353,6460,190,480,0.0,Rural,N
Male,No,3+,Graduate,Yes,11541,3575,604,240,0.0,Urban,Y
Female,No,2,Graduate,Yes,2932,4814,66,360,0.0,Urban,N
Male,Yes,3+,Graduate,Yes,12486,5167,112,480,1.0,Rural,Y
Female,No,3+,Graduate,No,2757,7576,302,240,0.0,Rural,N
Male,No,1,Not Graduate,Yes,6085,1955,514,120,0.0,Semiurban,N
Female,No,0,Not Graduate,No,6637,5255,425,180,0.0,Urban,N
Female,Yes,0,Not Graduate,Yes,2116,7368,569,180,1.0,Semiurban,Y
Female,Yes,0,Graduate,No,11759,249,139,120,0.0,Semiurban,Y
Male,No,0,Graduate,No,12691,6457,679,180,0.0,Rural,N
Female,Yes,3+,Graduate,No,1492,1892,224,180,1.0,Urban,Y
Male,Yes,2,Not Graduate,Yes,12498,3439,125,120,1.0,Urban,Y
Female,Yes,2,Graduate,Yes,9811,7596,662,120,0.0,Rural,Y
Male,Yes,1,Not Graduate,No,12424,1853,449,240,0.0,Semiurban,N
Female,Yes,1,Graduate,No,8888,2854,120,240,0.0,Rural,Y
Male,Yes,3+,Not Graduate,No,13015,1503,229,120,1.0,Urban,Y
Male,Yes,2,Not Graduate,Yes,7474,3385,173,360,1.0,Rural,Y
Female,Yes,2,Graduate,Yes,11572,3571,430,180,1.0,Urban,Y
Male,Yes,0,Graduate,Yes,10738,3792,342,240,0.0,Semiurban,Y
Male,Yes,3+,Not Graduate,Yes,5958,3426,244,180,1.0,Urban,Y
Female,No,3+,Not Graduate,No,14979,6628,277,480,0.0,Semiurban,N
Male,No,0,Graduate,No,12755,5330,480,120,1.0,Semiurban,Y
Male,Yes,3+,Graduate,Yes,10797,7871,485,360,1.0,Urban,Y
Male,No,3+,Not Graduate,Yes,12944,43,510,480,1.0,Urban,Y
Female,No,1,Graduate,No,13867,3612,667,480,0.0,Semiurban,Y
Male,Yes,2,Not Graduate,Yes,11082,2618,70,480,0.0,Rural,N
Female,Yes,3+,Not Graduate,Yes,10467,4678,113,120,0.0,Urban,N
Male,Yes,1,Graduate,Yes,3743,3163,214,240,0.0,Semiurban,Y
Male,No,2,Graduate,Yes,8866,1288,76,120,1.0,Semiurban,Y
Male,No,0,Graduate,Yes,11685,2942,360,240,0.0,Rural,N
Female,Yes,1,Graduate,Yes,8160,219,334,480,1.0,Urban,Y
Male,Yes,1,Graduate,No,6451,1925,330,480,0.0,Semiurban,Y
Male,Yes,2,Not Graduate,Yes,6258,2972,213,360,0.0,Rural,N
Female,No,0,Not Graduate,Yes,9548,3513,273,240,1.0,Semiurban,Y
Male,No,1,Graduate,No,14912,2448,195,480,1.0,Urban,Y
Female,No,3+,Graduate,No,8186,3471,79,180,0.0,Rural,N
Female,No,3+,Graduate,No,7102,2774,94,360,0.0,Semiurban,N
Male,Yes,3+,Not Graduate,Yes,10061,990,520,120,1.0,Rural,Y
Female,Yes,0,Graduate,No,10077,2946,83,360,1.0,Urban,Y
Male,Yes,1,Graduate,Yes,11193,1812,476,180,1.0,Rural,Y
Female,Yes,3+,Not Graduate,Yes,14701,7743,270,240,1.0,Urban,Y
Female,No,0,Not Graduate,Yes,10475,4953,583,120,1.0,Semiurban,Y
Male,No,3+,Graduate,No,1619,803,416,120,0.0,Urban,N
Female,Yes,2,Graduate,No,1882,489,599,240,0.0,Semiurban,N
Female,Yes,1,Graduate,No,9988,3556,631,360,0.0,Semiurban,Y
Female,No,1,Not Graduate,No,4642,5876,165,480,0.0,Urban,N
Female,Yes,0,Graduate,No,12617,1493,288,360,1.0,Semiurban,Y
Female,No,0,Graduate,Yes,2296,3645,384,180,1.0,Rural,Y
Male,Yes,1,Graduate,Yes,13906,7081,490,480,1.0,Semiurban,Y
Female,Yes,3+,Not Graduate,Yes,9436,2891,197,360,0.0,Urban,Y
Male,Yes,3+,Not Graduate,Yes,3895,1705,58,240,1.0,Rural,Y
Female,Yes,2,Graduate,No,7593,3516,337,180,1.0,Rural,Y
Male,Yes,3+,Graduate,No,1929,3340,437,180,0.0,Semiurban,N
Male,Yes,0,Not Graduate,Yes,6366,6410,99,180,0.0,Semiurban,N
Female,Yes,0,Not Graduate,No,9711,53,566,480,0.0,Urban,N
Female,No,3+,Not Graduate,No,4212,2575,687,120,1.0,Rural,Y
Female,No,0,Not Graduate,Yes,3409,3591,636,480,1.0,Urban,Y
Male,No,1,Not Graduate,Yes,9199,615,327,360,0.0,Semiurban,N
Female,No,1,Not Graduate,No,11717,5178,349,120,0.0,Rural,N
Male,No,3+,Not Graduate,No,4423,5944,638,360,1.0,Urban,Y
Male,Yes,1,Not Graduate,Yes,11211,7207,698,120,0.0,Urban,N
Male,Yes,1,Not Graduate,Yes,13782,7404,667,480,1.0,Urban,Y
Female,No,2,Graduate,Yes,14917,954,656,180,0.0,Urban,N
Female,Yes,2,Graduate,No,7976,2433,184,240,0.0,Urban,Y
Male,No,1,Graduate,Yes,8594,1629,629,180,0.0,Rural,N
Male,No,3+,Not Graduate,Yes,6158,2781,196,480,1.0,Urban,Y
Female,Yes,2,Graduate,No,13474,6859,539,120,1.0,Rural,Y
Male,Yes,0,Not Graduate,No,4667,649,527,180,0.0,Urban,N
Female,Yes,0,Not Graduate,No,12863,2347,208,480,1.0,Semiurban,Y
Male,No,0,Graduate,No,11993,4490,433,360,0.0,Semiurban,Y
Female,Yes,3+,Not Graduate,No,6973,3278,212,240,0.0,Urban,Y
Male,No,1,Graduate,Yes,7236,5455,490,180,1.0,Semiurban,Y
Female,No,0,Graduate,Yes,9277,2640,238,120,1.0,Rural,Y
Male,No,3+,Graduate,No,12307,3801,464,360,1.0,Urban,Y
Female,Yes,2,Not Graduate,No,13424,2561,388,480,1.0,Rural,Y
Female,Yes,1,Graduate,No,3468,3249,656,240,0.0,Urban,Y
Male,No,2,Not Graduate,No,7217,6539,230,120,1.0,Semiurban,Y
Male,Yes,3+,Graduate,No,4619,370,337,480,1.0,Rural,Y
Female,Yes,0,Graduate,Yes,2636,857,236,480,0.0,Semiurban,N
Male,Yes,0,Graduate,Yes,9155,4886,187,180,0.0,Semiurban,Y
Female,No,3+,Not Graduate,Yes,4583,4753,179,180,0.0,Urban,N
Male,No,0,Not Graduate,Yes,5009,7485,243,120,0.0,Rural,N
Female,Yes,1,Not Graduate,No,4326,6879,365,480,1.0,Semiurban,Y
Female,No,3+,Graduate,Yes,11410,5488,193,180,1.0,Urban,Y
Female,Yes,2,Graduate,No,9148,383,65,240,0.0,Urban,Y
Female,Yes,3+,Not Graduate,No,3217,6205,351,240,0.0,Urban,Y
Female,Yes,1,Not Graduate,No,5967,3877,472,480,1.0,Semiurban,Y
Female,Yes,1,Not Graduate,Yes,3369,2552,294,180,1.0,Urban,Y
Male,No,3+,Not Graduate,No,4638,4334,156,120,1.0,Rural,Y
Male,No,3+,Not Graduate,Yes,11695,4290,137,120,1.0,Rural,Y
Male,No,0,Not Graduate,Yes,10135,2725,178,120,1.0,Semiurban,Y
Female,Yes,1,Graduate,No,6722,4034,390,240,0.0,Rural,Y
Female,Yes,3+,Not Graduate,No,12029,3293,53,180,0.0,Urban,N
Female,Yes,3+,Graduate,No,11852,6204,376,180,0.0,Semiurban,Y
Female,No,1,Graduate,Yes,12128,5248,459,240,0.0,Urban,Y
Male,Yes,3+,Not Graduate,No,5444,7133,355,120,1.0,Semiurban,Y
Male,No,0,Not Graduate,Yes,8618,6828,656,120,0.0,Semiurban,N
Female,No,1,Graduate,No,4947,6111,274,480,1.0,Urban,Y
Male,No,0,Not Graduate,No,2676,4251,397,360,1.0,Rural,Y
Male,No,0,Not Graduate,Yes,2196,3988,370,180,1.0,Rural,Y
Female,No,0,Graduate,Yes,13297,7545,608,180,1.0,Semiurban,Y
Male,No,0,Graduate,Yes,3787,7789,230,180,1.0,Urban,Y
Female,Yes,1,Graduate,Yes,8432,7948,667,360,1.0,Urban,Y
Male,Yes,0,Not Graduate,Yes,10653,922,435,480,1.0,Semiurban,Y
Female,No,0,Graduate,Yes,8927,2915,667,360,0.0,Rural,Y
Female,No,3+,Not Graduate,No,4318,2950,157,120,1.0,Urban,Y
Female,Yes,1,Graduate,No,9858,7957,580,120,0.0,Rural,Y
Female,No,1,Graduate,Yes,7689,5705,459,180,0.0,Rural,N
Male,No,2,Graduate,No,14810,3046,345,240,1.0,Semiurban,Y
Female,Yes,1,Not Graduate,Yes,3176,7604,220,180,1.0,Semiurban,Y
Female,No,1,Not Graduate,No,4743,974,380,240,0.0,Rural,N
Female,No,2,Graduate,No,9792,1230,542,360,0.0,Urban,Y
Male,No,1,Graduate,Yes,11844,2435,244,120,0.0,Urban,N
Female,Yes,1,Graduate,Yes,5422,7647,61,240,0.0,Semiurban,Y
Male,Yes,1,Not Graduate,Yes,4824,1814,244,360,1.0,Rural,Y
Female,Yes,1,Graduate,No,13098,2934,539,120,1.0,Urban,Y
Male,No,2,Not Graduate,Yes,10171,4933,231,240,1.0,Urban,Y
Male,No,1,Graduate,No,3451,6103,365,180,0.0,Semiurban,N
Female,Yes,1,Graduate,Yes,1628,1363,79,180,1.0,Rural,Y
Male,No,2,Graduate,No,10821,3940,645,180,0.0,Urban,Y
Female,No,3+,Graduate,No,8778,6483,145,360,1.0,Semiurban,Y
Female,No,0,Graduate,Yes,4696,203,430,180,0.0,Urban,N
Female,No,3+,Graduate,No,12622,160,493,480,1.0,Urban,Y
Male,No,2,Not Graduate,No,4674,7707,347,120,1.0,Urban,Y
Male,Yes,0,Graduate,Yes,4929,4487,410,360,0.0,Semiurban,Y
Female,No,2,Not Graduate,No,3765,768,423,180,0.0,Rural,N
Female,Yes,2,Graduate,Yes,5369,3748,603,120,0.0,Semiurban,Y
Male,No,1,Graduate,Yes,13972,6718,352,240,0.0,Rural,N
Female,Yes,0,Not Graduate,Yes,9307,2581,470,180,0.0,Urban,N
Female,No,1,Graduate,Yes,5956,1093,295,120,1.0,Rural,Y
Female,Yes,0,Not Graduate,No,11195,7036,286,480,0.0,Urban,Y
Male,No,2,Not Graduate,No,1692,4500,583,240,1.0,Urban,Y
Male,Yes,2,Graduate,No,4162,607,234,480,1.0,Semiurban,Y
Male,No,3+,Not Graduate,Yes,2105,7842,517,120,1.0,Urban,Y
Female,Yes,0,Not Graduate,No,4008,5710,412,480,1.0,Semiurban,Y
Female,No,1,Graduate,No,3161,1540,332,120,1.0,Rural,Y
Female,Yes,3+,Not Graduate,Yes,9345,2875,602,120,0.0,Rural,N
Male,Yes,3+,Graduate,Yes,14715,3191,385,480,0.0,Urban,Y
Female,No,3+,Graduate,No,4699,1837,211,120,1.0,Semiurban,Y
Female,No,1,Graduate,Yes,14577,689,209,180,1.0,Urban,Y
Female,Yes,3+,Graduate,Yes,13602,3759,523,120,0.0,Semiurban,Y
Female,No,1,Not Graduate,Yes,4786,2949,650,360,0.0,Semiurban,N
Male,Yes,3+,Graduate,Yes,10256,5336,371,120,1.0,Semiurban,Y
Male,Yes,1,Graduate,No,5200,2103,61,360,0.0,Rural,Y
Female,Yes,2,Not Graduate,Yes,2913,365,473,120,0.0,Semiurban,N
Male,No,2,Graduate,Yes,10408,5818,122,120,0.0,Rural,Y
Male,Yes,2,Graduate,Yes,6520,3575,637,480,1.0,Semiurban,Y
Female,Yes,2,Not Graduate,Yes,11593,7911,250,180,0.0,Rural,N
Female,No,2,Not Graduate,Yes,2772,7934,571,180,1.0,Rural,Y
Male,No,3+,Not Graduate,Yes,11152,4550,554,240,1.0,Rural,Y
Female,No,3+,Not Graduate,Yes,3780,4199,88,480,1.0,Urban,Y
Male,No,3+,Not Graduate,Yes,14891,4172,109,480,1.0,Semiurban,Y
Female,Yes,1,Not Graduate,No,13996,4325,627,180,1.0,Urban,Y
Male,Yes,1,Not Graduate,Yes,8423,6033,370,480,0.0,Semiurban,N
Female,Yes,1,Graduate,No,13938,7425,484,180,1.0,Semiurban,Y
Male,Yes,1,Not Graduate,Yes,3871,7431,685,480,1.0,Urban,Y
Male,No,2,Not Graduate,Yes,14234,2378,457,120,1.0,Rural,Y
Male,Yes,2,Not Graduate,Yes,1660,1205,435,180,0.0,Semiurban,N
Female,Yes,2,Graduate,Yes,7242,4988,618,180,0.0,Rural,Y
Male,No,0,Graduate,No,11827,3839,127,360,0.0,Urban,Y
Male,Yes,3+,Not Graduate,Yes,11521,5669,243,480,0.0,Rural,N
Female,Yes,1,Not Graduate,Yes,13146,2735,334,480,0.0,Semiurban,Y
Female,Yes,1,Not Graduate,No,11642,6170,576,180,0.0,Semiurban,Y
Male,Yes,2,Graduate,No,2132,3347,573,120,0.0,Semiurban,Y
Male,Yes,1,Graduate,Yes,1699,1675,662,120,1.0,Urban,Y
Female,Yes,1,Not Graduate,No,8470,298,205,120,1.0,Semiurban,Y
Female,No,3+,Graduate,No,11230,956,389,480,0.0,Urban,Y
Female,No,2,Not Graduate,No,7297,6942,174,360,1.0,Rural,Y
Female,Yes,3+,Graduate,Yes,13839,1114,329,180,1.0,Semiurban,Y
Female,Yes,0,Graduate,Yes,8812,6623,671,240,0.0,Semiurban,Y
Male,No,0,Not Graduate,Yes,13692,6716,177,360,1.0,Semiurban,Y
Female,Yes,0,Not Graduate,No,5557,2505,363,240,1.0,Rural,Y
Male,Yes,2,Not Graduate,Yes,3179,1474,381,360,0.0,Semiurban,N
Male,Yes,1,Not Graduate,No,12030,4460,199,120,1.0,Urban,Y
Male,No,2,Graduate,Yes,10065,7002,503,480,0.0,Rural,N
Female,Yes,2,Graduate,Yes,9275,5794,85,240,0.0,Rural,Y
Male,No,1,Graduate,No,2422,4446,469,360,1.0,Rural,Y
Male,Yes,3+,Not Graduate,Yes,11867,3726,71,480,1.0,Rural,Y
Female,No,0,Graduate,No,4180,3471,255,240,1.0,Rural,Y
Male,No,3+,Not Graduate,No,5316,6396,688,180,0.0,Urban,N
Male,Yes,0,Graduate,Yes,13167,2828,405,360,0.0,Rural,Y
Female,No,2,Not Graduate,No,7696,6000,489,180,0.0,Semiurban,N
Male,Yes,0,Not Graduate,Yes,10583,2850,145,120,1.0,Rural,Y
Male,No,2,Graduate,Yes,12410,5107,213,180,1.0,Rural,Y
Male,Yes,3+,Not Graduate,No,13399,2506,197,180,0.0,Rural,N
Female,Yes,2,Not Graduate,Yes,1614,3770,579,360,1.0,Rural,Y
Female,No,3+,Graduate,No,14869,2964,343,120,1.0,Rural,Y
Female,Yes,1,Not Graduate,Yes,12163,4594,244,180,0.0,Urban,N
Male,Yes,1,Not Graduate,Yes,12757,949,529,480,0.0,Urban,Y
Male,No,1,Not Graduate,Yes,12768,6090,172,240,1.0,Rural,Y
Female,Yes,2,Graduate,Yes,5570,6142,449,180,0.0,Urban,Y
Male,Yes,1,Graduate,Yes,1270,4603,501,120,1.0,Semiurban,Y
Male,No,0,Not Graduate,No,13258,5423,153,180,0.0,Rural,N
Female,No,3+,Graduate,No,3468,6644,511,240,0.0,Semiurban,Y
Female,Yes,3+,Not Graduate,No,10582,2850,445,120,0.0,Semiurban,N
Male,Yes,0,Not Graduate,No,12546,6741,386,360,1.0,Rural,Y
Male,No,2,Not Graduate,No,13327,165,648,120,1.0,Semiurban,Y
Male,No,2,Not Graduate,No,14281,3486,191,360,0.0,Semiurban,N
Female,Yes,3+,Not Graduate,Yes,4607,2509,366,120,0.0,Semiurban,N
Female,No,1,Graduate,Yes,11775,919,607,240,0.0,Rural,N
Female,Yes,2,Not Graduate,No,13265,113,576,240,1.0,Rural,Y
Female,Yes,2,Graduate,No,4075,3504,605,120,0.0,Semiurban,Y
Male,Yes,0,Graduate,Yes,13098,991,450,180,0.0,Rural,Y
Female,Yes,0,Not Graduate,Yes,1289,7523,359,240,0.0,Rural,N
Female,Yes,1,Not Graduate,Yes,9120,6047,544,360,0.0,Semiurban,N
Female,No,2,Graduate,No,11672,7862,605,360,1.0,Rural,Y
Female,No,2,Graduate,No,7614,6350,659,480,1.0,Urban,Y
Female,No,0,Graduate,No,4252,3839,158,360,0.0,Rural,Y
Male,No,2,Not Graduate,Yes,8415,1258,421,480,1.0,Urban,Y
Male,Yes,3+,Graduate,Yes,7771,7609,665,120,1.0,Semiurban,Y
Female,Yes,0,Not Graduate,No,1278,3426,255,120,1.0,Rural,Y
Male,Yes,1,Not Graduate,No,12116,514,92,120,0.0,Semiurban,N
Female,Yes,0,Not Graduate,Yes,1580,5327,294,180,1.0,Semiurban,Y
Female,No,2,Graduate,Yes,5958,4804,336,180,1.0,Semiurban,Y
Male,Yes,1,Not Graduate,Yes,9445,3196,404,480,1.0,Semiurban,Y
Male,Yes,0,Not Graduate,Yes,5276,6281,525,360,0.0,Semiurban,Y
Female,No,3+,Not Graduate,No,8997,4434,132,360,0.0,Rural,N
Female,No,3+,Not Graduate,Yes,5776,2584,159,120,1.0,Urban,Y
Female,No,0,Not Graduate,Yes,1824,67,239,240,1.0,Rural,Y
Male,No,3+,Graduate,Yes,4832,1596,300,180,0.0,Rural,N
Female,Yes,3+,Not Graduate,No,9891,5660,340,180,0.0,Rural,N
Female,Yes,3+,Not Graduate,No,6445,4478,694,120,1.0,Rural,Y
Female,No,1,Graduate,Yes,2380,18,250,180,1.0,Urban,Y
Male,Yes,3+,Not Graduate,Yes,13088,2730,375,120,0.0,Rural,N
Female,Yes,3+,Graduate,Yes,10865,3521,560,480,0.0,Semiurban,Y
Female,Yes,3+,Not Graduate,No,11919,6217,458,360,1.0,Rural,Y
Male,No,1,Graduate,No,7534,572,656,240,0.0,Rural,N
Female,Yes,0,Graduate,No,14926,7082,557,360,1.0,Urban,Y
Female,No,2,Not Graduate,Yes,4156,7832,650,360,1.0,Urban,Y
Male,Yes,3+,Not Graduate,No,12580,5395,121,480,1.0,Semiurban,Y
Female,Yes,0,Not Graduate,Yes,5307,7215,296,180,0.0,Rural,Y
Male,Yes,3+,Graduate,Yes,6634,2258,690,240,1.0,Rural,Y
Male,No,1,Graduate,Yes,9575,2902,657,180,1.0,Rural,Y
Female,Yes,0,Graduate,No,6810,6039,636,360,0.0,Semiurban,Y
Female,No,1,Not Graduate,Yes,9533,650,615,120,0.0,Urban,N
Female,No,3+,Graduate,No,6934,5741,393,360,1.0,Semiurban,Y
Female,No,3+,Graduate,No,11179,5089,103,180,1.0,Rural,Y
Male,Yes,1,Not Graduate,Yes,13251,6838,577,360,0.0,Urban,Y
Female,Yes,2,Graduate,Yes,14131,2587,660,120,0.0,Urban,Y
Male,Yes,1,Graduate,No,4109,7876,581,480,0.0,Semiurban,Y
Female,Yes,3+,Not Graduate,Yes,5082,3262,607,180,1.0,Urban,Y
Female,No,1,Graduate,No,14822,1338,242,360,1.0,Urban,Y
Female,No,2,Not Graduate,Yes,13707,4996,107,180,1.0,Rural,Y
Male,No,1,Not Graduate,No,11990,3634,486,480,0.0,Rural,N
Female,Yes,2,Not Graduate,No,4240,5780,160,360,1.0,Urban,Y
Female,No,2,Not Graduate,No,11180,2827,178,360,0.0,Urban,N
Female,Yes,1,Not Graduate,No,7028,5681,375,180,1.0,Semiurban,Y
Female,No,1,Graduate,Yes,12606,6019,57,180,0.0,Semiurban,N
Male,Yes,0,Graduate,Yes,2849,5877,78,120,1.0,Urban,Y
Female,Yes,3+,Not Graduate,No,9497,5232,161,480,1.0,Rural,Y
Male,No,2,Not Graduate,No,12805,2217,180,120,0.0,Urban,N
Male,No,0,Graduate,Yes,3749,3539,237,360,0.0,Urban,Y
Male,No,1,Not Graduate,Yes,14156,7845,524,180,1.0,Rural,Y
Male,No,3+,Not Graduate,Yes,7680,6040,413,360,0.0,Rural,N
Male,Yes,0,Not Graduate,Yes,10327,1037,253,360,0.0,Semiurban,N
Male,No,2,Graduate,Yes,14722,5834,261,240,1.0,Semiurban,Y
Female,No,0,Graduate,Yes,1205,4383,670,240,0.0,Semiurban,N
Male,No,2,Not Graduate,No,8352,3978,325,360,1.0,Semiurban,Y
Male,Yes,1,Not Graduate,Yes,5591,6332,122,180,1.0,Rural,Y
Male,Yes,3+,Graduate,Yes,4450,2961,292,360,0.0,Urban,Y
Female,No,3+,Graduate,No,8214,3226,151,240,0.0,Semiurban,Y
Female,Yes,3+,Not Graduate,Yes,4811,5686,220,180,1.0,Semiurban,Y
Male,No,1,Not Graduate,Yes,12814,6837,237,360,1.0,Rural,Y
Female,Yes,2,Graduate,Yes,12791,5841,490,480,1.0,Rural,Y
Male,Yes,1,Graduate,Yes,11743,7031,135,480,1.0,Urban,Y
Male,Yes,3+,Graduate,Yes,6141,6614,525,360,1.0,Urban,Y
Female,Yes,1,Not Graduate,No,13500,1098,101,180,1.0,Rural,Y
Male,No,1,Graduate,Yes,9501,2324,160,360,0.0,Semiurban,Y
Female,No,1,Not Graduate,No,3708,939,92,360,0.0,Semiurban,N
Female,No,2,Graduate,No,2991,3716,260,240,0.0,Semiurban,Y
Male,Yes,0,Graduate,Yes,9463,3414,249,480,1.0,Urban,Y
Male,No,0,Graduate,No,12834,1448,676,240,0.0,Semiurban,Y
Female,No,1,Graduate,Yes,13278,570,75,240,1.0,Semiurban,Y
Male,No,0,Not Graduate,No,11014,7678,348,360,1.0,Rural,Y
Male,Yes,0,Not Graduate,No,4273,2904,126,240,0.0,Semiurban,N
Male,Yes,1,Graduate,Yes,5538,5096,186,480,1.0,Rural,Y
Female,Yes,1,Not Graduate,Yes,13541,5301,69,240,1.0,Semiurban,Y
Female,No,3+,Graduate,Yes,9712,2505,489,480,1.0,Urban,Y
Male,No,0,Graduate,Yes,10168,917,260,240,1.0,Semiurban,Y
Female,No,2,Graduate,Yes,4722,1874,600,480,1.0,Semiurban,Y
Female,Yes,1,Graduate,No,4551,4928,484,240,1.0,Rural,Y
Female,Yes,3+,Not Graduate,No,13297,7231,256,240,0.0,Rural,N
Female,No,2,Graduate,No,11965,6982,488,180,1.0,Rural,Y
Female,Yes,0,Graduate,No,11744,7427,91,480,1.0,Semiurban,Y
Male,Yes,3+,Not Graduate,No,3832,6336,460,480,1.0,Semiurban,Y
Male,Yes,1,Graduate,No,13099,1678,572,480,1.0,Urban,Y
Male,Yes,2,Graduate,No,6679,615,659,120,0.0,Semiurban,Y
Female,No,1,Graduate,Yes,7579,4501,476,240,0.0,Urban,N
Female,Yes,0,Not Graduate,Yes,14422,1749,324,480,1.0,Rural,Y
Male,Yes,2,Graduate,No,1152,3825,497,120,1.0,Rural,Y
Female,Yes,0,Not Graduate,No,6754,7086,418,180,1.0,Rural,Y
Male,Yes,0,Graduate,Yes,12156,6864,269,480,0.0,Urban,Y
Male,No,3+,Graduate,Yes,12108,4188,626,480,0.0,Semiurban,N
Male,No,1,Not Graduate,Yes,3800,2477,281,120,0.0,Rural,N
Female,Yes,2,Graduate,Yes,6310,4749,377,240,0.0,Semiurban,Y
Female,Yes,0,Graduate,No,10944,3505,492,180,1.0,Semiurban,Y
Male,Yes,0,Not Graduate,Yes,3610,3475,101,480,0.0,Rural,N
Male,Yes,2,Not Graduate,No,13067,4529,425,240,0.0,Urban,Y
Male,Yes,0,Not Graduate,No,2104,1135,312,180,1.0,Semiurban,Y
Male,Yes,3+,Not Graduate,No,11728,4000,316,360,1.0,Rural,Y
Female,No,3+,Not Graduate,Yes,14182,374,408,360,0.0,Semiurban,N
Female,Yes,3+,Graduate,Yes,14399,7226,366,180,0.0,Semiurban,Y
Male,No,3+,Not Graduate,No,8361,5162,373,120,0.0,Semiurban,N
Male,No,0,Graduate,No,5199,206,612,180,0.0,Semiurban,N
Female,Yes,2,Graduate,No,4854,4875,678,180,1.0,Semiurban,Y
Female,No,2,Graduate,Yes,8263,1319,470,120,1.0,Urban,Y
Male,No,2,Not Graduate,No,12686,1141,95,120,0.0,Urban,N
Male,No,2,Not Graduate,Yes,2914,4627,649,240,0.0,Rural,N
Male,No,1,Graduate,No,8365,7389,318,240,0.0,Urban,Y
Female,No,2,Not Graduate,No,4072,6309,650,120,0.0,Urban,N
Female,No,1,Not Graduate,No,10198,2690,430,360,0.0,Urban,N
Female,Yes,1,Not Graduate,Yes,1406,7323,167,360,1.0,Semiurban,Y
Male,No,3+,Not Graduate,Yes,14689,3255,615,180,1.0,Semiurban,Y
Male,No,1,Graduate,No,1166,89,165,480,1.0,Rural,Y
Female,No,0,Graduate,Yes,1508,5213,679,180,0.0,Rural,N
Female,Yes,1,Not Graduate,No,2661,4108,309,180,0.0,Rural,N
Male,No,3+,Graduate,Yes,4664,3020,124,480,1.0,Semiurban,Y
Female,Yes,1,Not Graduate,Yes,4489,1857,529,120,1.0,Urban,Y
Female,No,0,Not Graduate,Yes,14050,804,354,360,0.0,Urban,N
Male,Yes,0,Graduate,No,1680,944,56,180,1.0,Semiurban,Y
Female,Yes,0,Graduate,Yes,3524,2789,415,480,0.0,Rural,Y
Male,No,3+,Graduate,Yes,3120,5953,683,240,0.0,Rural,N
Male,No,3+,Not Graduate,No,6260,3875,572,180,1.0,Rural,Y
Male,Yes,2,Graduate,No,13869,7605,397,360,1.0,Semiurban,Y
Male,No,3+,Not Graduate,No,5357,7705,487,120,1.0,Rural,Y
Male,Yes,0,Graduate,No,2363,1610,264,180,0.0,Rural,Y
Male,Yes,0,Graduate,Yes,10523,2923,478,180,0.0,Semiurban,Y
Male,Yes,3+,Not Graduate,Yes,3292,6055,547,480,1.0,Urban,Y
Female,Yes,1,Not Graduate,Yes,2538,3882,589,240,0.0,Semiurban,N
Male,Yes,3+,Not Graduate,Yes,4408,3221,416,240,0.0,Semiurban,N
Male,No,3+,Not Graduate,Yes,8742,6803,362,120,0.0,Semiurban,N
Female,Yes,0,Not Graduate,No,9752,7175,587,360,1.0,Semiurban,Y
Female,Yes,2,Not Graduate,Yes,10291,5148,103,120,0.0,Urban,N
Female,No,0,Not Graduate,Yes,2903,4391,590,180,1.0,Rural,Y
Male,Yes,2,Not Graduate,Yes,1174,7129,516,180,1.0,Semiurban,Y
Female,No,0,Graduate,No,11348,5021,213,240,0.0,Urban,Y
Male,No,3+,Not Graduate,No,3230,7888,383,360,1.0,Rural,Y
Male,No,0,Not Graduate,Yes,5287,4735,596,480,0.0,Rural,N
Male,Yes,0,Graduate,No,5160,2387,397,360,1.0,Rural,Y
Male,Yes,0,Not Graduate,No,13112,4723,322,180,1.0,Semiurban,Y
Female,Yes,3+,Graduate,No,8106,6582,463,480,0.0,Semiurban,Y
Female,No,3+,Graduate,No,10689,5263,549,360,1.0,Rural,Y
Male,Yes,3+,Not Graduate,No,13046,941,142,360,1.0,Rural,Y
Male,No,3+,Graduate,No,4171,4925,128,480,1.0,Rural,Y
Male,Yes,2,Not Graduate,No,2567,5866,671,180,0.0,Rural,N
Female,No,2,Graduate,Yes,2151,2566,266,360,0.0,Rural,N
Male,Yes,1,Graduate,Yes,8619,975,407,480,1.0,Rural,Y
Male,Yes,3+,Graduate,No,7033,7212,667,180,1.0,Urban,Y
Female,Yes,2,Not Graduate,Yes,9560,954,556,480,1.0,Rural,Y
Female,No,0,Not Graduate,Yes,5946,1262,608,480,0.0,Semiurban,N
Male,No,3+,Graduate,No,9234,5047,230,360,0.0,Semiurban,Y
Female,Yes,1,Graduate,Yes,2907,943,625,180,1.0,Semiurban,Y
Female,Yes,1,Not Graduate,No,4490,2202,295,360,0.0,Rural,N
Male,No,1,Not Graduate,No,3535,5300,293,120,0.0,Semiurban,N
Female,No,0,Graduate,No,5173,7382,555,120,0.0,Urban,Y
Male,No,2,Graduate,Yes,12065,6231,471,180,0.0,Rural,Y
Female,Yes,0,Not Graduate,Yes,11016,3327,369,480,1.0,Semiurban,Y
Male,No,3+,Not Graduate,Yes,2293,5630,136,360,0.0,Urban,N
Male,Yes,1,Not Graduate,Yes,5769,5192,266,360,0.0,Urban,N
Male,No,0,Not Graduate,No,5796,7074,539,180,1.0,Semiurban,Y
Female,Yes,0,Not Graduate,No,14046,4274,568,180,1.0,Urban,Y
Male,No,2,Graduate,Yes,7871,2259,327,120,0.0,Semiurban,N
Female,No,2,Not Graduate,No,12578,1828,218,240,0.0,Urban,N
Male,No,1,Graduate,No,3972,1257,379,180,1.0,Rural,Y
Male,No,0,Not Graduate,Yes,4922,464,699,240,1.0,Rural,Y
Female,No,0,Graduate,No,5997,5870,490,180,1.0,Rural,Y
Male,Yes,2,Not Graduate,Yes,8032,3294,440,480,0.0,Rural,N
Male,No,0,Not Graduate,No,1992,6774,545,480,0.0,Rural,N
Female,No,0,Graduate,Yes,9112,6968,430,120,1.0,Semiurban,Y
Male,No,0,Graduate,No,6287,7431,355,120,0.0,Rural,Y
Male,Yes,2,Not Graduate,No,11578,1230,562,240,1.0,Rural,Y
Male,No,1,Not Graduate,Yes,3240,2654,237,180,0.0,Rural,N
Male,Yes,3+,Not Graduate,Yes,2476,884,565,360,1.0,Rural,Y
Female,No,1,Not Graduate,Yes,7426,3805,693,120,1.0,Urban,Y
Female,No,3+,Not Graduate,Yes,12599,6509,476,360,0.0,Rural,N
Male,Yes,0,Graduate,No,1389,6419,551,360,0.0,Rural,N
Female,No,1,Graduate,No,1999,6523,309,180,0.0,Semiurban,Y
Male,Yes,3+,Not Graduate,Yes,13812,7910,562,240,0.0,Urban,Y
Female,Yes,2,Graduate,No,2855,5428,120,180,0.0,Semiurban,Y
Male,No,2,Graduate,Yes,9125,5750,527,120,0.0,Rural,N
Male,Yes,1,Graduate,Yes,14794,7435,227,360,1.0,Semiurban,Y
Male,No,1,Not Graduate,No,9850,5040,506,180,0.0,Semiurban,N
Male,No,0,Graduate,No,3763,3856,238,180,1.0,Rural,Y
Male,Yes,1,Not Graduate,Yes,4663,3135,340,180,1.0,Urban,Y
Male,Yes,0,Graduate,Yes,5986,6953,569,120,0.0,Urban,Y
Female,Yes,0,Not Graduate,Yes,2481,7517,341,240,1.0,Semiurban,Y
Male,Yes,2,Graduate,No,8256,924,684,180,1.0,Rural,Y
Female,No,2,Not Graduate,No,4731,6034,332,120,0.0,Semiurban,N
Male,No,3+,Not Graduate,No,8262,4589,593,360,0.0,Semiurban,N
Female,Yes,2,Graduate,No,1451,1546,426,480,0.0,Semiurban,N
Female,No,2,Not Graduate,Yes,11667,7265,205,120,1.0,Rural,Y
Female,No,1,Not Graduate,Yes,12414,6065,557,480,0.0,Rural,N
Male,No,2,Not Graduate,Yes,10729,1094,462,180,0.0,Urban,N
Male,No,3+,Not Graduate,Yes,4093,2411,577,180,0.0,Rural,N
Female,Yes,1,Not Graduate,Yes,1882,2617,404,120,0.0,Semiurban,N
Male,Yes,3+,Not Graduate,Yes,5408,5921,608,480,1.0,Semiurban,Y
Female,No,2,Not Graduate,No,5068,762,236,180,0.0,Urban,N
Male,Yes,3+,Not Graduate,No,14127,2323,80,360,1.0,Rural,Y
Female,Yes,1,Graduate,Yes,11758,4145,309,240,0.0,Semiurban,Y
Female,Yes,0,Graduate,Yes,4277,7525,470,240,1.0,Urban,Y
Male,No,3+,Not Graduate,No,9566,2775,578,180,1.0,Urban,Y
Female,No,3+,Not Graduate,No,13738,5001,600,480,1.0,Semiurban,Y
Male,No,1,Graduate,No,12889,7071,353,180,0.0,Semiurban,N
Female,Yes,1,Graduate,No,8951,4659,88,480,1.0,Rural,Y
Female,No,3+,Graduate,Yes,12254,4878,538,360,0.0,Urban,Y
Male,No,2,Not Graduate,Yes,5690,6628,693,480,0.0,Semiurban,N
Male,Yes,3+,Graduate,Yes,12442,3155,591,180,0.0,Urban,Y
Male,No,1,Not Graduate,Yes,14521,3970,327,360,0.0,Rural,N
Female,No,0,Not Graduate,Yes,5595,7972,252,120,0.0,Semiurban,N
Male,Yes,0,Graduate,No,5559,7805,115,240,1.0,Rural,Y
Female,Yes,2,Not Graduate,Yes,8291,2040,157,180,0.0,Urban,Y
Female,Yes,3+,Not Graduate,No,9160,5927,317,180,1.0,Rural,Y
Male,No,0,Not Graduate,Yes,1112,583,271,180,1.0,Rural,N
Male,No,3+,Not Graduate,Yes,6131,5415,579,360,1.0,Urban,Y
Female,No,1,Graduate,Yes,4197,4331,139,120,1.0,Rural,Y
Female,Yes,0,Graduate,Yes,11570,2103,304,480,1.0,Urban,Y
Male,Yes,2,Not Graduate,Yes,11116,1942,504,120,1.0,Semiurban,Y
Male,No,1,Not Graduate,No,1139,4455,302,360,1.0,Urban,Y
Male,No,2,Graduate,No,2424,6026,306,180,0.0,Urban,N
Male,Yes,1,Not Graduate,No,3949,109,432,240,1.0,Semiurban,Y
Male,Yes,0,Graduate,Yes,4168,191,491,180,0.0,Urban,N
Female,Yes,2,Not Graduate,Yes,9708,903,648,480,1.0,Semiurban,Y
Female,Yes,2,Not Graduate,No,11808,5212,139,240,1.0,Semiurban,Y
Female,No,1,Graduate,Yes,7043,861,439,180,1.0,Urban,Y
Female,Yes,2,Graduate,Yes,7989,6711,631,240,1.0,Rural,Y
Male,No,1,Graduate,No,8236,1083,93,120,0.0,Rural,Y
Male,No,1,Graduate,Yes,7261,649,647,360,0.0,Semiurban,N
Male,No,1,Not Graduate,No,1887,4134,68,180,0.0,Rural,N
Female,Yes,1,Graduate,Yes,4104,3611,150,480,1.0,Rural,Y
Female,Yes,0,Not Graduate,No,14629,7216,656,120,1.0,Urban,Y
Male,Yes,1,Graduate,Yes,1049,7587,406,180,1.0,Semiurban,Y
Male,Yes,3+,Graduate,Yes,4951,636,591,120,0.0,Semiurban,N
Female,No,2,Not Graduate,No,4560,1036,82,480,1.0,Urban,Y
Female,Yes,3+,Graduate,Yes,1018,4131,278,180,0.0,Rural,N
Male,Yes,0,Graduate,Yes,5821,2148,573,480,0.0,Semiurban,Y
Male,No,3+,Graduate,No,7340,3865,679,240,1.0,Rural,Y
Female,Yes,2,Graduate,Yes,9058,3157,204,480,1.0,Semiurban,Y
Male,No,3+,Not Graduate,No,10665,3587,472,240,0.0,Semiurban,N
Male,No,0,Not Graduate,Yes,13253,3294,295,180,0.0,Semiurban,N
Male,No,1,Graduate,Yes,3606,5457,454,240,0.0,Semiurban,N
Female,No,3+,Graduate,Yes,8846,6079,590,180,1.0,Rural,Y
Female,No,0,Graduate,Yes,9643,4261,210,180,1.0,Rural,Y
Female,No,0,Not Graduate,No,7432,2430,166,360,1.0,Rural,Y
Female,No,2,Not Graduate,Yes,14452,1879,320,180,1.0,Rural,Y
Female,No,2,Not Graduate,No,14395,3966,536,240,1.0,Urban,Y
Female,Yes,3+,Not Graduate,Yes,4765,7543,221,360,1.0,Semiurban,Y
Female,Yes,1,Graduate,Yes,3438,7638,323,360,0.0,Semiurban,Y
Male,Yes,0,Graduate,Yes,13502,6933,308,180,0.0,Semiurban,Y
Male,Yes,3+,Graduate,Yes,10741,3713,184,480,0.0,Urban,Y
Male,No,0,Not Graduate,No,7358,4126,471,480,1.0,Rural,Y
Male,Yes,0,Graduate,No,12666,7542,470,360,0.0,Semiurban,Y
Male,No,1,Not Graduate,No,9319,4106,235,180,1.0,Rural,Y
Male,Yes,1,Not Graduate,No,6941,2011,413,480,1.0,Rural,Y
Male,Yes,3+,Graduate,Yes,8644,3373,656,180,0.0,Urban,Y
Female,Yes,1,Graduate,No,5855,2143,427,180,1.0,Urban,Y
Female,No,1,Graduate,No,7547,7357,572,360,0.0,Rural,Y
Male,Yes,3+,Not Graduate,Yes,8196,2500,629,360,0.0,Semiurban,N
Male,No,1,Not Graduate,Yes,6911,6335,245,120,1.0,Semiurban,Y
Female,No,2,Graduate,Yes,7481,4581,147,480,0.0,Urban,Y
Male,Yes,0,Graduate,Yes,3761,1289,654,480,0.0,Urban,Y
Male,Yes,0,Not Graduate,No,5456,1447,71,480,0.0,Urban,N
Female,Yes,0,Graduate,No,13856,3199,499,240,0.0,Urban,Y
Male,No,0,Not Graduate,Yes,10607,6381,221,180,1.0,Urban,Y
Female,Yes,3+,Not Graduate,Yes,7361,1943,432,360,0.0,Urban,N
Male,No,0,Graduate,Yes,6693,7522,183,480,0.0,Urban,Y
Female,No,0,Graduate,No,6788,6059,475,120,0.0,Semiurban,N
Female,Yes,0,Graduate,No,1201,3183,74,480,1.0,Urban,Y
Female,Yes,0,Graduate,Yes,7160,5947,552,180,0.0,Urban,Y
Male,No,2,Not Graduate,Yes,11561,5565,234,180,1.0,Semiurban,Y
Female,No,0,Not Graduate,No,1517,5462,134,360,0.0,Semiurban,N
Male,No,2,Not Graduate,Yes,8737,3216,616,240,0.0,Rural,N
Male,Yes,3+,Graduate,Yes,14636,3136,193,360,0.0,Urban,Y
Male,No,1,Not Graduate,No,14723,3318,461,480,1.0,Urban,Y
Male,Yes,0,Graduate,Yes,10533,2782,273,120,1.0,Urban,Y
Female,No,1,Graduate,No,13968,990,269,360,1.0,Urban,Y
Female,No,1,Graduate,Yes,2988,7657,228,240,1.0,Rural,Y
Male,Yes,3+,Graduate,Yes,12737,4920,680,360,1.0,Semiurban,Y
Male,No,1,Graduate,No,14779,5558,482,180,1.0,Semiurban,Y
Female,Yes,2,Graduate,No,13712,2153,314,480,0.0,Urban,Y
Male,Yes,1,Not Graduate,Yes,4802,6324,478,480,1.0,Urban,Y
Female,No,1,Graduate,No,6808,6327,465,480,0.0,Urban,Y
Male,Yes,1,Not Graduate,Yes,12467,225,502,480,1.0,Rural,Y
Male,Yes,0,Not Graduate,Yes,12846,776,246,480,1.0,Rural,Y
Female,No,0,Graduate,No,8162,2837,603,480,1.0,Semiurban,Y
Male,Yes,2,Graduate,Yes,11626,5208,102,120,0.0,Urban,Y
Female,Yes,2,Graduate,Yes,14065,687,529,240,1.0,Urban,Y
Male,Yes,0,Not Graduate,No,7241,529,492,480,1.0,Urban,Y
Male,No,2,Graduate,No,9399,3442,379,240,0.0,Urban,Y
Male,Yes,0,Not Graduate,Yes,6633,5067,300,480,0.0,Rural,N
Female,No,3+,Graduate,No,6755,5031,172,360,0.0,Semiurban,N
Male,No,1,Graduate,No,11825,5518,436,480,0.0,Semiurban,N
Male,Yes,1,Not Graduate,No,7309,2153,388,180,1.0,Rural,Y
Male,Yes,2,Not Graduate,No,5117,1294,397,120,0.0,Urban,N
Male,Yes,0,Graduate,Yes,9345,6094,78,360,1.0,Semiurban,Y
Female,No,0,Not Graduate,Yes,12558,6974,84,360,1.0,Semiurban,Y
Female,Yes,2,Not Graduate,Yes,13506,1526,567,180,0.0,Rural,N
Male,Yes,0,Not Graduate,No,13956,4774,445,480,1.0,Urban,Y
Female,Yes,3+,Not Graduate,No,2518,7692,672,120,0.0,Semiurban,N
Male,Yes,1,Not Graduate,No,7163,2896,343,360,1.0,Urban,Y
Male,Yes,2,Graduate,No,3600,3103,638,120,0.0,Semiurban,Y
Male,No,2,Graduate,No,14237,2440,398,360,0.0,Rural,N
Female,No,0,Not Graduate,No,3195,4135,196,480,0.0,Urban,N
Female,Yes,2,Graduate,No,13690,6803,116,360,0.0,Rural,Y
Female,Yes,3+,Graduate,Yes,13883,7385,569,360,0.0,Semiurban,Y
Female,Yes,0,Not Graduate,Yes,4554,3802,171,240,0.0,Rural,N
Female,Yes,0,Graduate,No,11606,7124,389,480,1.0,Rural,Y
Female,No,0,Not Graduate,No,14725,5201,224,180,1.0,Rural,Y
Female,Yes,0,Not Graduate,No,3849,844,646,180,1.0,Semiurban,Y
Female,No,3+,Graduate,Yes,14445,5839,500,480,0.0,Urban,Y
Female,No,0,Not Graduate,Yes,2742,6344,606,180,1.0,Rural,Y
Male,Yes,2,Not Graduate,No,2306,446,185,480,0.0,Urban,N
Female,No,3+,Not Graduate,No,4849,3915,65,180,1.0,Semiurban,Y
Female,No,1,Not Graduate,Yes,13360,7595,382,240,1.0,Urban,Y
Female,No,1,Not Graduate,Yes,13768,3109,244,180,0.0,Rural,N
Female,No,2,Graduate,Yes,8519,1234,545,360,1.0,Rural,Y
Female,Yes,2,Graduate,Yes,13847,6587,58,480,1.0,Rural,Y
Female,Yes,3+,Not Graduate,No,14032,5446,383,120,1.0,Rural,Y
Female,No,1,Not Graduate,Yes,14754,6904,382,120,0.0,Rural,N
Female,Yes,1,Graduate,Yes,5195,226,376,480,1.0,Rural,Y
Female,Yes,1,Not Graduate,No,6178,4143,64,240,0.0,Semiurban,Y
Female,Yes,1,Graduate,Yes,3555,7185,663,180,1.0,Semiurban,Y
Female,Yes,1,Not Graduate,Yes,3305,2959,275,240,1.0,Semiurban,Y
Male,Yes,0,Not Graduate,Yes,13700,5558,474,120,1.0,Urban,Y
Male,No,2,Not Graduate,No,8619,1830,457,480,1.0,Urban,Y
Female,Yes,0,Not Graduate,Yes,10280,3779,162,480,0.0,Semiurban,N
Female,Yes,1,Not Graduate,No,3642,186,477,240,1.0,Urban,Y
Male,Yes,3+,Not Graduate,No,10369,6488,50,240,0.0,Urban,N
